﻿<?xml version="1.0" encoding="utf-8"?>
<LanguageData>

  <!-- SPECIAL: These Recipes from makeable ThingDefs (which include <recipeMaker>), generated by RimTrans -->


  <!-- Recipe Users: TableMagicPrinter -->

  <Make_SpellOf_Rain.label>制作魔法卷轴: 降雨术</Make_SpellOf_Rain.label>
  <Make_SpellOf_Rain.description>制作魔法卷轴: 降雨术.</Make_SpellOf_Rain.description>
  <Make_SpellOf_Rain.jobString>正在制作魔法卷轴: 降雨术.</Make_SpellOf_Rain.jobString>

  <Make_SpellOf_Blink.label>制作魔法卷轴: 闪烁</Make_SpellOf_Blink.label>
  <Make_SpellOf_Blink.description>制作魔法卷轴: 闪烁.</Make_SpellOf_Blink.description>
  <Make_SpellOf_Blink.jobString>正在制作魔法卷轴: 闪烁.</Make_SpellOf_Blink.jobString>

  <Make_SpellOf_Teleport.label>制作魔法卷轴: 传送</Make_SpellOf_Teleport.label>
  <Make_SpellOf_Teleport.description>制作魔法卷轴: 传送.</Make_SpellOf_Teleport.description>
  <Make_SpellOf_Teleport.jobString>正在制作魔法卷轴: 传送.</Make_SpellOf_Teleport.jobString>

  <Make_SpellOf_Heal.label>制作魔法卷轴: 圣光术</Make_SpellOf_Heal.label>
  <Make_SpellOf_Heal.description>制作魔法卷轴: 圣光术.</Make_SpellOf_Heal.description>
  <Make_SpellOf_Heal.jobString>正在制作魔法卷轴: 圣光术.</Make_SpellOf_Heal.jobString>

  <Make_SpellOf_Heater.label>制作魔法卷轴: 聚集热能</Make_SpellOf_Heater.label>
  <Make_SpellOf_Heater.description>制作魔法卷轴: 聚集热能.</Make_SpellOf_Heater.description>
  <Make_SpellOf_Heater.jobString>正在制作魔法卷轴: 聚集热能.</Make_SpellOf_Heater.jobString>

  <Make_SpellOf_PowerNode.label>制作魔法卷轴: 能源节点</Make_SpellOf_PowerNode.label>
  <Make_SpellOf_PowerNode.description>制作魔法卷轴: 能源节点.</Make_SpellOf_PowerNode.description>
  <Make_SpellOf_PowerNode.jobString>正在制作魔法卷轴: 能源节点.</Make_SpellOf_PowerNode.jobString>

  <Make_SpellOf_Cooler.label>制作魔法卷轴: 驱散热能</Make_SpellOf_Cooler.label>
  <Make_SpellOf_Cooler.description>制作魔法卷轴: 驱散热能.</Make_SpellOf_Cooler.description>
  <Make_SpellOf_Cooler.jobString>正在制作魔法卷轴: 驱散热能.</Make_SpellOf_Cooler.jobString>

  <Make_SpellOf_Sunlight.label>制作魔法卷轴: 日光术</Make_SpellOf_Sunlight.label>
  <Make_SpellOf_Sunlight.description>制作魔法卷轴: 日光术.</Make_SpellOf_Sunlight.description>
  <Make_SpellOf_Sunlight.jobString>正在制作魔法卷轴: 日光术.</Make_SpellOf_Sunlight.jobString>

  <Make_SpellOf_DryGround.label>制作火焰魔法卷轴: 魔力蒸腾</Make_SpellOf_DryGround.label>
  <Make_SpellOf_DryGround.description>制作火焰魔法卷轴: 魔力蒸腾.</Make_SpellOf_DryGround.description>
  <Make_SpellOf_DryGround.jobString>正在制作火焰卷轴: 魔力蒸腾.</Make_SpellOf_DryGround.jobString>

  <Make_SpellOf_WetGround.label>制作寒冰卷轴: 滋润大地</Make_SpellOf_WetGround.label>
  <Make_SpellOf_WetGround.description>制作寒冰卷轴: 滋润大地.</Make_SpellOf_WetGround.description>
  <Make_SpellOf_WetGround.jobString>正在制作寒冰卷轴: 滋润大地.</Make_SpellOf_WetGround.jobString>

  <Make_SpellOf_ChargeBattery.label>制作闪电卷轴: 电池充能</Make_SpellOf_ChargeBattery.label>
  <Make_SpellOf_ChargeBattery.description>制作闪电卷轴: 电池充能.</Make_SpellOf_ChargeBattery.description>
  <Make_SpellOf_ChargeBattery.jobString>正在制作闪电卷轴: 电池充能.</Make_SpellOf_ChargeBattery.jobString>

  <Make_SpellOf_SmokeCloud.label>制作魔法卷轴: 烟云蔽日</Make_SpellOf_SmokeCloud.label>
  <Make_SpellOf_SmokeCloud.description>制作魔法卷轴: 烟云蔽日.</Make_SpellOf_SmokeCloud.description>
  <Make_SpellOf_SmokeCloud.jobString>正在制作魔法卷轴: 烟云蔽日.</Make_SpellOf_SmokeCloud.jobString>

  <Make_SpellOf_Extinguish.label>制作魔法卷轴: 熄灭</Make_SpellOf_Extinguish.label>
  <Make_SpellOf_Extinguish.description>制作魔法卷轴: 熄灭.</Make_SpellOf_Extinguish.description>
  <Make_SpellOf_Extinguish.jobString>正在制作魔法卷轴: 熄灭.</Make_SpellOf_Extinguish.jobString>

  <Make_SpellOf_CauterizeWound.label>制作魔法卷轴: 烧灼伤口</Make_SpellOf_CauterizeWound.label>
  <Make_SpellOf_CauterizeWound.description>制作魔法卷轴: 烧灼伤口.</Make_SpellOf_CauterizeWound.description>
  <Make_SpellOf_CauterizeWound.jobString>正在制作魔法卷轴: 烧灼伤口.</Make_SpellOf_CauterizeWound.jobString>

  <Make_SpellOf_EMP.label>制作魔法卷轴: EMP</Make_SpellOf_EMP.label>
  <Make_SpellOf_EMP.description>制作魔法卷轴: EMP.</Make_SpellOf_EMP.description>
  <Make_SpellOf_EMP.jobString>正在制作魔法卷轴: EMP.</Make_SpellOf_EMP.jobString>

  <Make_SpellOf_Firestorm.label>制作火焰卷轴: 火焰风暴</Make_SpellOf_Firestorm.label>
  <Make_SpellOf_Firestorm.description>制作火焰魔法卷轴: 火焰风暴.</Make_SpellOf_Firestorm.description>
  <Make_SpellOf_Firestorm.jobString>正在制作火焰卷轴: 火焰风暴.</Make_SpellOf_Firestorm.jobString>

  <Make_SpellOf_Blizzard.label>制作寒冰卷轴: 暴风雪</Make_SpellOf_Blizzard.label>
  <Make_SpellOf_Blizzard.description>制作寒冰卷轴: 暴风雪.</Make_SpellOf_Blizzard.description>
  <Make_SpellOf_Blizzard.jobString>正在制作寒冰卷轴: 暴风雪.</Make_SpellOf_Blizzard.jobString>

  <Make_SpellOf_EyeOfTheStorm.label>制作闪电卷轴: 风暴之眼</Make_SpellOf_EyeOfTheStorm.label>
  <Make_SpellOf_EyeOfTheStorm.description>制作闪电卷轴: 风暴之眼.</Make_SpellOf_EyeOfTheStorm.description>
  <Make_SpellOf_EyeOfTheStorm.jobString>正在制作闪电卷轴: 风暴之眼.</Make_SpellOf_EyeOfTheStorm.jobString>

  <Make_SpellOf_SummonMinion.label>制作魔法卷轴: 召唤仆从</Make_SpellOf_SummonMinion.label>
  <Make_SpellOf_SummonMinion.description>制作魔法卷轴: 召唤仆从.</Make_SpellOf_SummonMinion.description>
  <Make_SpellOf_SummonMinion.jobString>正在制作魔法卷轴: 召唤仆从.</Make_SpellOf_SummonMinion.jobString>

  <Make_SpellOf_FertileLands.label>制作德鲁伊卷轴: 大地祝福</Make_SpellOf_FertileLands.label>
  <Make_SpellOf_FertileLands.description>制作德鲁伊卷轴: 大地祝福.</Make_SpellOf_FertileLands.description>
  <Make_SpellOf_FertileLands.jobString>正在制作德鲁伊卷轴: 大地祝福.</Make_SpellOf_FertileLands.jobString>

  <Make_SpellOf_SpellMending.label>制作魔法卷轴: 拼补</Make_SpellOf_SpellMending.label>
  <Make_SpellOf_SpellMending.description>制作魔法卷轴: 拼补.</Make_SpellOf_SpellMending.description>
  <Make_SpellOf_SpellMending.jobString>正在制作魔法卷轴: 拼补.</Make_SpellOf_SpellMending.jobString>

  <Make_SpellOf_TransferMana.label>制作魔法卷轴: 法力转移</Make_SpellOf_TransferMana.label>
  <Make_SpellOf_TransferMana.description>制作魔法卷轴: 法力转移.</Make_SpellOf_TransferMana.description>
  <Make_SpellOf_TransferMana.jobString>正在制作魔法卷轴: 法力转移.</Make_SpellOf_TransferMana.jobString>

  <Make_SpellOf_SiphonMana.label>制作魔法卷轴: 法力虹吸</Make_SpellOf_SiphonMana.label>
  <Make_SpellOf_SiphonMana.description>制作魔法卷轴: 法力虹吸.</Make_SpellOf_SiphonMana.description>
  <Make_SpellOf_SiphonMana.jobString>正在制作魔法卷轴: 法力虹吸.</Make_SpellOf_SiphonMana.jobString>

  <Make_SpellOf_RegrowLimb.label>制作德鲁伊卷轴: 再生臂</Make_SpellOf_RegrowLimb.label>
  <Make_SpellOf_RegrowLimb.description>制作德鲁伊卷轴: 再生臂.</Make_SpellOf_RegrowLimb.description>
  <Make_SpellOf_RegrowLimb.jobString>正在制作德鲁伊卷轴: 再生臂.</Make_SpellOf_RegrowLimb.jobString>

  <Make_SpellOf_ManaShield.label>制作魔法卷轴: 法力护盾</Make_SpellOf_ManaShield.label>
  <Make_SpellOf_ManaShield.description>制作魔法卷轴: 法力护盾.</Make_SpellOf_ManaShield.description>
  <Make_SpellOf_ManaShield.jobString>正在制作魔法卷轴: 法力护盾.</Make_SpellOf_ManaShield.jobString>

  <Make_SpellOf_FoldReality.label>制作奥术卷轴: 传送门</Make_SpellOf_FoldReality.label>
  <Make_SpellOf_FoldReality.description>制作奥术卷轴: 传送门.</Make_SpellOf_FoldReality.description>
  <Make_SpellOf_FoldReality.jobString>正在制作奥术卷轴: 传送门.</Make_SpellOf_FoldReality.jobString>

  <Make_SpellOf_Resurrection.label>制作牧师卷轴: 英雄不朽</Make_SpellOf_Resurrection.label>
  <Make_SpellOf_Resurrection.description>制作牧师卷轴: 英雄不朽.</Make_SpellOf_Resurrection.description>
  <Make_SpellOf_Resurrection.jobString>正在制作牧师卷轴: 英雄不朽.</Make_SpellOf_Resurrection.jobString>

  <Make_SpellOf_HolyWrath.label>制作圣骑士卷轴: 神圣之怒</Make_SpellOf_HolyWrath.label>
  <Make_SpellOf_HolyWrath.description>制作圣骑士卷轴: 神圣之怒.</Make_SpellOf_HolyWrath.description>
  <Make_SpellOf_HolyWrath.jobString>正在制作圣骑士卷轴: 神圣之怒.</Make_SpellOf_HolyWrath.jobString>

  <Make_SpellOf_LichForm.label>制作死灵卷轴: 巫妖形态</Make_SpellOf_LichForm.label>
  <Make_SpellOf_LichForm.description>制作死灵卷轴: 巫妖形态.</Make_SpellOf_LichForm.description>
  <Make_SpellOf_LichForm.jobString>正在制作死灵卷轴: 巫妖形态.</Make_SpellOf_LichForm.jobString>

  <Make_SpellOf_SummonPoppi.label>制作召唤卷轴: 召唤波皮</Make_SpellOf_SummonPoppi.label>
  <Make_SpellOf_SummonPoppi.description>制作召唤卷轴: 召唤波皮.</Make_SpellOf_SummonPoppi.description>
  <Make_SpellOf_SummonPoppi.jobString>正在制作召唤卷轴: 召唤波皮.</Make_SpellOf_SummonPoppi.jobString>

  <Make_SpellOf_BattleHymn.label>制作诗人卷轴: 战斗之歌</Make_SpellOf_BattleHymn.label>
  <Make_SpellOf_BattleHymn.description>制作诗人卷轴: 战斗之歌.</Make_SpellOf_BattleHymn.description>
  <Make_SpellOf_BattleHymn.jobString>正在制作诗人卷轴: 战斗之歌.</Make_SpellOf_BattleHymn.jobString>

  <Make_SkillOf_Sprint.label>制作战技卷轴: 冲刺</Make_SkillOf_Sprint.label>
  <Make_SkillOf_Sprint.description>制作战技卷轴: 冲刺.</Make_SkillOf_Sprint.description>
  <Make_SkillOf_Sprint.jobString>正在制作战技卷轴: 冲刺.</Make_SkillOf_Sprint.jobString>

  <Make_SkillOf_GearRepair.label>制作战技卷轴: 装备维护</Make_SkillOf_GearRepair.label>
  <Make_SkillOf_GearRepair.description>制作战技卷轴: 装备维护.</Make_SkillOf_GearRepair.description>
  <Make_SkillOf_GearRepair.jobString>正在制作战技卷轴: 装备维护.</Make_SkillOf_GearRepair.jobString>

  <Make_SkillOf_InnerHealing.label>制作战技卷轴: 内在治疗</Make_SkillOf_InnerHealing.label>
  <Make_SkillOf_InnerHealing.description>制作战技卷轴: 内在治疗.</Make_SkillOf_InnerHealing.description>
  <Make_SkillOf_InnerHealing.jobString>正在制作战技卷轴: 内在治疗.</Make_SkillOf_InnerHealing.jobString>

  <Make_SkillOf_HeavyBlow.label>制作战技卷轴: 强力打击</Make_SkillOf_HeavyBlow.label>
  <Make_SkillOf_HeavyBlow.description>制作战技卷轴: 强力打击.</Make_SkillOf_HeavyBlow.description>
  <Make_SkillOf_HeavyBlow.jobString>正在制作战技卷轴: 强力打击.</Make_SkillOf_HeavyBlow.jobString>

  <Make_SkillOf_StrongBack.label>制作战技卷轴: 强壮后背</Make_SkillOf_StrongBack.label>
  <Make_SkillOf_StrongBack.description>制作战技卷轴: 强壮后背.</Make_SkillOf_StrongBack.description>
  <Make_SkillOf_StrongBack.jobString>正在制作战技卷轴: 强壮后背.</Make_SkillOf_StrongBack.jobString>

  <Make_SkillOf_ThickSkin.label>制作战技卷轴: 石化皮肤</Make_SkillOf_ThickSkin.label>
  <Make_SkillOf_ThickSkin.description>制作战技卷轴: 石化皮肤.</Make_SkillOf_ThickSkin.description>
  <Make_SkillOf_ThickSkin.jobString>正在制作战技卷轴: 石化皮肤.</Make_SkillOf_ThickSkin.jobString>

  <Make_SkillOf_FightersFocus.label>制作战技卷轴: 战斗专注</Make_SkillOf_FightersFocus.label>
  <Make_SkillOf_FightersFocus.description>制作战技卷轴: 战斗专注.</Make_SkillOf_FightersFocus.description>
  <Make_SkillOf_FightersFocus.jobString>正在制作战技卷轴: 战斗专注.</Make_SkillOf_FightersFocus.jobString>


  <!-- Recipe Users: TableGemcutting -->

  <Make_GemstoneOfInsight_Might.label>制作身体洞察宝石</Make_GemstoneOfInsight_Might.label>
  <Make_GemstoneOfInsight_Might.description>制作身体洞察宝石.</Make_GemstoneOfInsight_Might.description>
  <Make_GemstoneOfInsight_Might.jobString>正在制作身体洞察宝石.</Make_GemstoneOfInsight_Might.jobString>

  <Make_GemstoneOfInsight_Magic.label>制作奥术洞察宝石</Make_GemstoneOfInsight_Magic.label>
  <Make_GemstoneOfInsight_Magic.description>制作奥术洞察宝石.</Make_GemstoneOfInsight_Magic.description>
  <Make_GemstoneOfInsight_Magic.jobString>正在制作奥术洞察宝石.</Make_GemstoneOfInsight_Magic.jobString>


  <!-- Recipe Users: ElectricSmithy, FueledSmithy -->

  <Make_TM_ThrumboAxe.label>制作撼地斧</Make_TM_ThrumboAxe.label>
  <Make_TM_ThrumboAxe.description>制作撼地斧.</Make_TM_ThrumboAxe.description>
  <Make_TM_ThrumboAxe.jobString>正在制作撼地斧.</Make_TM_ThrumboAxe.jobString>


  <!-- Recipe Users: ElectricSmithy, FueledSmithy, CraftingSpot -->

  <Make_TM_FireWand.label>制作火焰法杖</Make_TM_FireWand.label>
  <Make_TM_FireWand.description>制作火焰法杖.</Make_TM_FireWand.description>
  <Make_TM_FireWand.jobString>正在制作火焰法杖.</Make_TM_FireWand.jobString>

  <Make_TM_IceWand.label>制作冰霜法杖</Make_TM_IceWand.label>
  <Make_TM_IceWand.description>制作冰霜法杖.</Make_TM_IceWand.description>
  <Make_TM_IceWand.jobString>正在制作冰霜法杖.</Make_TM_IceWand.jobString>

  <Make_TM_LightningWand.label>制作雷霆法杖</Make_TM_LightningWand.label>
  <Make_TM_LightningWand.description>制作雷霆法杖.</Make_TM_LightningWand.description>
  <Make_TM_LightningWand.jobString>正在制作雷霆法杖.</Make_TM_LightningWand.jobString>

  <Make_TM_BlazingPowerStaff.label>制作闪耀权杖</Make_TM_BlazingPowerStaff.label>
  <Make_TM_BlazingPowerStaff.description>制作闪耀权杖.</Make_TM_BlazingPowerStaff.description>
  <Make_TM_BlazingPowerStaff.jobString>正在制作闪耀权杖.</Make_TM_BlazingPowerStaff.jobString>

  <Make_TM_DefenderStaff.label>制作守护者权杖</Make_TM_DefenderStaff.label>
  <Make_TM_DefenderStaff.description>制作守护者权杖.</Make_TM_DefenderStaff.description>
  <Make_TM_DefenderStaff.jobString>正在制作守护者权杖.</Make_TM_DefenderStaff.jobString>


  <!-- Recipe Users: DrugLab -->

  <Make_ManaPotion.label>制作魔法药剂</Make_ManaPotion.label>
  <Make_ManaPotion.description>制作魔法药剂。</Make_ManaPotion.description>
  <Make_ManaPotion.jobString>制作魔法药剂中。</Make_ManaPotion.jobString>


  <!-- Recipe Users: ElectricTailoringBench, HandTailoringBench -->

  <Make_TM_MaestersCloak.label>制作漫游者斗篷</Make_TM_MaestersCloak.label>
  <Make_TM_MaestersCloak.description>制作漫游者斗篷.</Make_TM_MaestersCloak.description>
  <Make_TM_MaestersCloak.jobString>正在制作漫游者斗篷.</Make_TM_MaestersCloak.jobString>


  <!-- Recipe Users: ElectricSmithy, FueledSmithy -->

  <Make_AncientMail.label>制作古代盔甲</Make_AncientMail.label>
  <Make_AncientMail.description>制作古代盔甲.</Make_AncientMail.description>
  <Make_AncientMail.jobString>正在制作古代盔甲.</Make_AncientMail.jobString>


  <!-- Recipe Users: ElectricTailoringBench, HandTailoringBench -->

  <Make_DarkRobe.label>制作黑暗长袍</Make_DarkRobe.label>
  <Make_DarkRobe.description>制作黑暗长袍.</Make_DarkRobe.description>
  <Make_DarkRobe.jobString>正在制作黑暗长袍.</Make_DarkRobe.jobString>

  <Make_ArchMageRobe.label>制作奥术法师长袍</Make_ArchMageRobe.label>
  <Make_ArchMageRobe.description>制作奥术法师长袍.</Make_ArchMageRobe.description>
  <Make_ArchMageRobe.jobString>正在制作奥术法师长袍.</Make_ArchMageRobe.jobString>

  <Make_DemonLordCloak.label>制作霸者长袍</Make_DemonLordCloak.label>
  <Make_DemonLordCloak.description>制作霸者长袍.</Make_DemonLordCloak.description>
  <Make_DemonLordCloak.jobString>正在制作霸者长袍.</Make_DemonLordCloak.jobString>


  <!-- Recipe Users: ElectricSmithy, FueledSmithy -->

  <Make_RoyalArmor.label>制作勇者战铠</Make_RoyalArmor.label>
  <Make_RoyalArmor.description>制作勇者战铠.</Make_RoyalArmor.description>
  <Make_RoyalArmor.jobString>正在制作勇者战铠.</Make_RoyalArmor.jobString>


  <!-- Recipe Users: ElectricTailoringBench, HandTailoringBench -->

  <Make_HoodOfMadness.label>制作疯狂兜帽</Make_HoodOfMadness.label>
  <Make_HoodOfMadness.description>制作疯狂兜帽.</Make_HoodOfMadness.description>
  <Make_HoodOfMadness.jobString>正在制作疯狂兜帽.</Make_HoodOfMadness.jobString>

  <Make_ArcaneHood.label>制作法师兜帽</Make_ArcaneHood.label>
  <Make_ArcaneHood.description>制作法师兜帽.</Make_ArcaneHood.description>
  <Make_ArcaneHood.jobString>正在制作法师兜帽.</Make_ArcaneHood.jobString>


  <!-- Recipe Users: TableMagicPrinter -->

  <Make_UnfinishedArcane.label>制作未完成的残缺手稿</Make_UnfinishedArcane.label>
  <Make_UnfinishedArcane.description>制作未完成的残缺手稿.</Make_UnfinishedArcane.description>
  <Make_UnfinishedArcane.jobString>正在制作未完成的残缺手稿.</Make_UnfinishedArcane.jobString>

  <Make_UnfinishedAdvArcane.label>正在制作未完成的奥术之书</Make_UnfinishedAdvArcane.label>
  <Make_UnfinishedAdvArcane.description>正在制作未完成的奥术之书.</Make_UnfinishedAdvArcane.description>
  <Make_UnfinishedAdvArcane.jobString>正在正在制作未完成的奥术之书.</Make_UnfinishedAdvArcane.jobString>

  <Make_UnfinishedMartial.label>制作未完成的战争之书</Make_UnfinishedMartial.label>
  <Make_UnfinishedMartial.description>制作未完成的战争之书.</Make_UnfinishedMartial.description>
  <Make_UnfinishedMartial.jobString>正在制作未完成的战争之书.</Make_UnfinishedMartial.jobString>


  <!-- SPECIAL: These Recipes from makeable ThingDefs (which include <recipeMaker>)， generated by RimTrans -->

</LanguageData>