﻿<?xml version="1.0" encoding="utf-8"?>
<LanguageData>

  <TM_Poison_HD.label>中毒</TM_Poison_HD.label>
  <TM_Poison_HD.comps.0.labelTendedWell>包扎</TM_Poison_HD.comps.0.labelTendedWell>
  <TM_Poison_HD.comps.0.labelTendedWellInner>缝合</TM_Poison_HD.comps.0.labelTendedWellInner>
  <TM_Poison_HD.comps.0.labelSolidTendedWell>安置</TM_Poison_HD.comps.0.labelSolidTendedWell>
  <TM_Poison_HD.comps.1.oldLabel>枯萎</TM_Poison_HD.comps.1.oldLabel>
  <TM_Poison_HD.injuryProps.destroyedLabel>凋零</TM_Poison_HD.injuryProps.destroyedLabel>
  <TM_Poison_HD.injuryProps.destroyedOutLabel>凋零</TM_Poison_HD.injuryProps.destroyedOutLabel>

  <TM_Poisoned_HD.label>中毒</TM_Poisoned_HD.label>
  <TM_Poisoned_HD.stages.0.label>轻度</TM_Poisoned_HD.stages.0.label>
  <TM_Poisoned_HD.stages.1.label>中度</TM_Poisoned_HD.stages.1.label>
  <TM_Poisoned_HD.stages.2.label>重度</TM_Poisoned_HD.stages.2.label>


</LanguageData>