﻿<?xml version="1.0" encoding="utf-8"?>
<LanguageData>

  <!-- Concepts about magic taught through the learning readout, when opportunities arise -->

  <TM_Portals.label>使用传送门</TM_Portals.label>
  <TM_Portals.helpText>魔法传送门代表着魔力的顶点。关于使用传送门，这里有一些提示你应该了解:

1. 只有一个受过传送门魔法训练的奥术法师才可以激活一个传送门入口.
 a. 激活传送门的选项只有在奥术法师拥有足够的魔力（70%）用来激活时才会出现.
 b. 当奥术法师激活传送门， 选择菜单会移动到世界地图上 - 只有被殖民者主动占据的地图可以被选择.
 c. 激活会使魔力在短时间内耗尽， 所以请谨慎选择你的目的地.
 
2. 一旦激活， 任何一个魔法师都可以为传送门充能.
 a. 使用（穿过）传送门或者通过传送门发送物品的选项只有在传送门拥有足够的奥术能量储备去执行这个动作时才会出现.
 b. 同一时间只能有一个生物使用传送门; 每一个生物都会消耗传送门最大能量值的5%.
 c. 所有的物品会在同一时间被传送; 传送物品的费用是传送门最大能量值的10%.
 
3. 任何生物都可以使用传送门.

4. 只有魔法师可以通过传送门传送物品.

5. 只有魔法师可以使传送门无效化.

6. 当一个传送门失效， 它将保持着奥术能量储备直到被再次激活.
传送门在被重新激活和设定新的目的地之前必须一直处于停用状态.

7. 保护你的传送门 - 它是脆弱，昂贵的，并且储存着巨额的能量... 
</TM_Portals.helpText>

  <TM_Encanting.label>附魔</TM_Encanting.label>
  <TM_Encanting.helpText>附魔可以使魔法师进一步改良和使用他们的能力。这里有一些你应该了解的提示:

1. 只有魔法师可以附魔!  附魔需要法力的支持， 所以平凡的生物无法装备宝石.
 
2. 为一件物品附魔， 你的殖民者必须拥有以下条件:
 a. 在魔法研究栏中， 研究完成宝石加工台科技
 b. 建造此工作台
 c. 需要足够的魔法原石来生产一个宝石.
 d. 魔法原石可以在任意可开采石头中找到， 每一次挖掘都有可能发现魔法原石. 任何类型的生物都可以发现魔法原石.
 e. 使用宝石加工台， 生产一个宝石. 任何生物都可以在宝石加工台工作.
 
3. 一旦你决定开始打造一个宝石， 你将需要一个魔法师来进行附魔.
 a. 选中一名魔法师， 右键点击宝石并选择装备宝石选项来进行附魔
 b. 选择任意服装或者武器来接受附魔， 并且将此物品放在地上. 推荐确认物品项目单
 不要将你试图附魔的物品与其他任意物品堆叠
 c. 进行附魔， 选中携带宝石的魔法师， 右键点击你想要附魔的物品. 如果魔法师没有足够的法力， 菜单里的附魔选项会是无法选择的
 d. 当所有附魔的条件都被满足， 菜单里的选项是可用， 你的魔法师将会移动过去并对物品进行附魔
</TM_Encanting.helpText>

  <TM_EncantingII.label>附魔</TM_EncantingII.label>
  <TM_EncantingII.helpText>附魔: 第二部分
		
4. 附魔是永久存在的并且每一个物品只能获得一种附魔。新的附魔会覆盖掉已经存在的附魔。
附魔一件物品并不会提升它的价值。附魔一件物品需要消耗附魔宝石。
目前还没有办法从物品中把附魔提取出来.

5. 魔法原石(以及加工过的宝石) 也可以从商人处购买. 不幸的是， 在开采深矿的过程中很容易忽略掉这种获得魔法原石的机会. 
使用"采石场"mod的玩家可以将魔法原石添加进挖掘列表， 推荐概率为0.4%
 
6. 平凡的生物无法从装备附魔物品中获得增益.

7. 如果你希望丢掉一个宝石 - 选中持有宝石的魔法师， 右键任意开阔地然后选择丢弃宝石.

8. 物品附魔可以在个人的装备处看到， 或者通过选择地上的物品然后查看"附魔" 标签. 
对一个生物的影响可以在健康标签内查看.		
</TM_EncantingII.helpText>


  <!-- Concepts about magic taught through the learning readout， when opportunities arise -->

</LanguageData>